,artist,times_played,debut_date,last_played
...And Justice for All,Metallica,28,2003.10.31,2020.03.06
...And We Became Sunshine,The Uglysuit,1,2010.09.25,2010.09.25
"""Brendan & Jake switch rigs""",Umphrey's McGee,2,2010.04.24,2014.05.03
"""Mrs Robinson's Strut""",Umphrey's McGee,1,2011.04.02,2011.04.02
(Don't Fear) The Reaper,Blue Öyster Cult,14,2001.10.31,2013.08.15
(Night Time Is) The Right TIme,Ray Charles,1,2005.12.31,2005.12.31
(Sittin' On) The Dock of the Bay,Otis Redding,2,2013.04.27,2018.12.14
#19,Umphrey's McGee,1,2011.04.02,2011.04.02
#5,Umphrey's McGee,159,2003.05.15,2020.03.05
A Fifth of Beethoven,Walter Murphy and the Big Apple Band,32,2000.11.18,2013.04.27
A Go Go,John Scofield,64,1999.03.17,2017.04.27
A Half Sleep,Jeff Coffin,2,2007.12.31,2008.05.01
A Love Supreme,John Coltrane,4,2009.06.27,2015.05.23
A Mild Sedative,Umphrey's McGee,6,2014.01.17,2015.02.13
Abacab,Genesis,16,2006.12.29,2017.05.26
AC/DC Medley,AC/DC,1,2003.09.24,2003.09.24
Ace of Long Nights,Motörhead/Ween,2,2012.10.27,2012.11.10
Addicted to Kiss,Robert Palmer/Prince/Genesis,1,2011.10.29,2011.10.29
Africa,Toto,68,2000.10.12,2019.10.24
After Midnight,J.J. Cale,2,2008.10.28,2013.07.03
Against All Odds,Phil Collins,1,2006.04.29,2006.04.29
Ahab,Umphrey's McGee,15,2004.08.07,2006.08.20
Ain't No Fun (If the Homies Can't Have None),Snoop Dogg,31,2000.10.31,2018.05.26
Ain't No Sunshine,Bill Withers,6,2005.09.11,2015.01.10
Ain't Too Proud to Beg,Holland/Whitfield,9,2003.12.31,2017.02.02
Alex's House,Umphrey's McGee,101,2007.03.06,2020.02.01
All Blues,Miles Davis,3,2000.04.14,2001.03.28
All I Need,Radiohead,1,2011.04.22,2011.04.22
All In Time,Umphrey's McGee,547,1998.02.07,2020.10.10
All Night Long,Lionel Richie,72,1999.08.27,2016.02.11
All Things Ninja,Umphrey's McGee,224,1999.06.24,2019.12.27
Alright,Jamiroquai,1,2019.12.31,2019.12.31
Always Up,30db,1,2006.09.22,2006.09.22
Amazing Grace,John Newton,8,2002.11.20,2011.11.26
Amble On,Umphrey's McGee,11,2013.04.26,2019.09.19
America the Beautiful,Bates/Ward,24,2000.12.15,2018.03.23
Anarchy in the U.K.,The Sex Pistols,1,2004.10.30,2004.10.30
Anchor Drops,Umphrey's McGee,263,2001.02.01,2020.02.01
Andy's Last Beer,Umphrey's McGee,346,2000.05.26,2020.10.09
Angular Momentum,Umphrey's McGee,5,2007.04.07,2010.01.14
Another Brick in the Wall,Pink Floyd,48,2001.08.24,2020.01.25
Another Brick in the Wall/Thriller,Pink Floyd/Michael Jackson,4,2008.10.31,2012.10.31
Anthem,Rush,1,2020.01.17,2020.01.17
Apeman,The Kinks,3,2001.12.31,2010.12.30
Ask Me No Questions,B.B. King,37,1999.01.28,2002.06.01
At Last,Etta James,1,2012.01.21,2012.01.21
Atmosfarag,Umphrey's McGee,104,2005.02.18,2019.08.29
Attachments,Umphrey's McGee,83,2015.12.06,2020.09.02
Auf Wiedersehen,Umphrey's McGee,5,2012.12.28,2016.04.21
August,Umphrey's McGee,385,1998.02.11,2020.06.11
Auld Lang Syne,Robert Burns,20,2000.12.31,2019.12.31
Australian Lullaby,Umphrey's McGee,1,2018.07.06,2018.07.06
Avenue,Citizen Dick,21,1998.08.22,2000.03.04
B. Onion,Umphrey's McGee,1,2001.02.01,2001.02.01
Baba O'Riley,The Who,54,2004.08.26,2019.12.27
Baby Bitch,Ween,1,2015.05.22,2015.12.12
Baby Honey Sugar Darlin',Umphrey's McGee,35,1998.08.27,2018.10.18
Baby You're A Rich Man,The Beatles,41,2000.10.28,2016.07.07
Back In Black,AC/DC,3,2002.03.23,2003.07.14
Back In Sexual Healing,AC/DC/Marvin Gaye,1,2015.10.31,2015.10.31
Bad Friday,Umphrey's McGee,117,2013.12.31,2020.09.05
Bad is Bad,Huey Lewis and the News,3,2005.04.26,2006.05.18
Bad Poker,Umphrey's McGee,68,2002.07.10,2020.06.11
Ballad of Jimi Hendrix,Stormtroopers of Death,3,2003.02.05,2003.12.04
Band on the Run,Wings,33,2001.10.19,2019.08.24
Barracuda,Heart,5,2009.11.14,2016.04.07
Bass solo,Umphrey's McGee,14,2000.09.28,2019.04.27
Bathing Digits,Umphrey's McGee,40,2014.02.22,2020.02.13
Bathtub Gin,Phish,6,1998.01.21,1998.05.23
Because,The Beatles,1,2002.12.31,2002.12.31
Believe the Lie,Umphrey's McGee,157,2005.02.16,2020.02.01
Bell Bottom Blues,Derek and the Dominos,4,2005.02.26,2010.12.14
Bennie and the Jets,Elton John,2,2012.08.11,2013.12.30
Big Bottom,Spinal Tap,38,1998.08.29,2013.02.17
Big Heart,The Lounge Lizards,32,2001.11.30,2019.11.08
Big Poppa,The Notorious B.I.G.,1,2013.03.09,2013.03.09
Billie Jean,Michael Jackson,31,1999.10.29,2013.12.16
Birthday,The Beatles,11,1998.09.19,2018.08.11
Bitch,The Rolling Stones,1,2018.07.20,2018.07.20
Bittersweet Haj,The Verve/Umphrey's McGee,6,2010.10.31,2019.08.16
Bittersweet Symphony,The Verve,2,2014.05.26,2017.04.01
Black Hole Sun,Soundgarden,1,2008.04.05,2008.04.05
Black Messiah,The Kinks,2,2007.12.31,2014.12.31
Black Sabbath,Black Sabbath,14,2004.10.30,2017.02.17
Black Water,The Doobie Brothers,43,2001.03.17,2018.03.08
Bloody Well Right,Supertramp,15,2006.12.30,2013.04.17
Blue Echo,Umphrey's McGee,260,2001.04.26,2020.01.24
Bob,Umphrey's McGee,52,1998.01.21,2013.01.20
Bob's Cloud,Dr. Didg,17,2000.01.28,2007.02.27
Bombtrack,Rage Against the Machine,5,2008.02.15,2020.02.29
Bonafide Lovin',Chromeo,4,2009.04.11,2011.04.02
Booth Love,Umphrey's McGee,209,2010.02.14,2020.09.05
Born Under a Bad Sign,William Bell/Booker T. Jones,2,2001.04.19,2007.04.03
Brain Damage,Pink Floyd,2,2006.06.16,2014.05.03
Brass In Pocket,The Pretenders,1,2018.01.26,2018.01.26
Breaker,Umphrey's McGee,12,2016.05.06,2020.03.05
Breathe,Pink Floyd,43,2005.12.31,2018.10.05
Bridge Of Sighs,Robin Trower,1,2006.11.08,2006.11.08
Bridgeless,Umphrey's McGee,367,2004.01.30,2020.09.06
"Bright Lights, Big City",Karl Engelmann,234,2004.01.30,2019.09.01
Bron-Y-Aur Stomp,Led Zeppelin,2,2010.04.24,2019.06.23
Bron-Yr-Aur,Led Zeppelin,13,2001.02.08,2016.03.25
Brown Eyed Girl,Van Morrison,1,2000.01.28,2000.01.28
Bubblehouse,Medeski Martin & Wood,15,1998.01.29,1999.06.05
Bubbles,Herbie Hancock,4,2003.06.08,2003.12.10
Bullhead City,Umphrey's McGee,15,2002.04.20,2019.05.24
Bulls on the Bus,Rage Against the Machine/The Beastie Boys,2,2010.10.30,2010.11.09
Bullshit Anthem,Fantastic Negrito,2,2019.12.31,2020.02.01
Burnin' and Lootin',Bob Marley,5,2005.05.13,2017.04.01
Burnin' for You,Blue Öyster Cult,1,2012.02.17,2012.02.17
Burning Down the House,Talking Heads,25,1998.01.21,2012.04.20
Bus Call,Umphrey's McGee,1,2011.04.02,2011.04.02
Bust a Move,Young MC,1,1998.10.31,1998.10.31
Call to Arms,Sturgill Simpson,5,2016.12.31,2019.10.19
Can't Find My Way Home,Blind Faith,22,2001.02.08,2013.03.10
Can't Rock My Dream Face,The Weeknd/Fleetwood Mac/Michael Jackson,2,2015.10.31,2018.12.30
Can't Stand Losing You,The Police,2,2019.10.31,2020.03.05
Can't Take My Eyes Off Of You,Frankie Valli,1,2009.12.31,2009.12.31
Can't You Hear Me Knocking,The Rolling Stones,32,2007.12.30,2019.05.10
Can't You See,The Marshall Tucker Band,19,2009.10.02,2020.03.05
Canary in a Coalmine,The Police,4,2017.12.31,2019.02.22
Cantaloupe Island,Herbie Hancock,19,1999.04.01,2001.06.22
Cantaloupe Woman,Grant Green,14,1998.01.31,2000.05.12
Cantina Band,John Williams,3,2000.12.31,2013.04.26
Carol of the Bells,Leontovych/Wilhousky,3,1999.12.17,2015.12.12
Carry That Weight,The Beatles,4,2002.12.31,2013.04.26
Cars Trucks Buses,Phish,5,1998.02.27,1998.10.10
Cat Scratch Fever,Ted Nugent,2,2004.11.11,2005.02.24
Catshot,Umphrey's McGee,37,2009.02.19,2019.08.23
Celtic Alleluia,"Fintan O'Carroll, Christopher Walker",27,1998.06.05,2005.04.01
Cemetery Walk,Umphrey's McGee,141,2009.01.19,2020.10.09
Cemetery Walk II,Umphrey's McGee,115,2009.01.24,2020.10.10
Chameleon,Herbie Hancock,10,1999.04.01,2001.06.29
Chapter 1,Umphrey's McGee,1,2016.01.28,2016.01.28
Chapter 10,Umphrey's McGee,1,2016.01.28,2016.01.28
Chapter 11,Umphrey's McGee,1,2017.01.27,2017.01.27
Chapter 12,Umphrey's McGee,1,2017.01.27,2017.01.27
Chapter 13,Umphrey's McGee,1,2017.01.27,2017.01.27
Chapter 14,Umphrey's McGee,1,2017.01.27,2017.01.27
Chapter 15,Umphrey's McGee,1,2017.01.27,2017.01.27
Chapter 16,Umphrey's McGee,1,2017.01.27,2017.01.27
Chapter 17,Umphrey's McGee,1,2017.01.27,2017.01.27
Chapter 18,Umphrey's McGee,1,2017.01.27,2017.01.27
Chapter 19,Umphrey's McGee,1,2017.01.27,2017.01.27
Chapter 2,Umphrey's McGee,1,2016.01.28,2016.01.28
Chapter 20,Umphrey's McGee,1,2017.01.27,2017.01.27
Chapter 21,Umphrey's McGee,1,2017.01.27,2017.01.27
Chapter 3,Umphrey's McGee,1,2016.01.28,2016.01.28
Chapter 4,Umphrey's McGee,1,2016.01.28,2016.01.28
Chapter 5,Umphrey's McGee,1,2016.01.28,2016.01.28
Chapter 6,Umphrey's McGee,1,2016.01.28,2016.01.28
Chapter 7,Umphrey's McGee,1,2016.01.28,2016.01.28
Chapter 8,Umphrey's McGee,1,2016.01.28,2016.01.28
Chapter 9,Umphrey's McGee,1,2016.01.28,2016.01.28
Chariots of Fire,Vangelis,1,2018.01.12,2018.01.12
Cheap Sunglasses,ZZ Top,27,2010.08.01,2019.02.01
Cherub Rock,The Smashing Pumpkins,35,2002.12.30,2018.10.04
Chevrolet,Taj Mahal,17,1999.07.24,2003.04.18
Chicago,Umphrey's McGee,1,2012.04.26,2012.04.26
Children's Story,Slick Rick,1,2008.02.17,2008.02.17
Chitlins Con Carne,Kenny Burrell,14,2001.05.12,2007.07.05
Christmas In Hollis,Run-D.M.C.,1,2015.12.31,2015.12.31
Christmas Time Is Here,Vince Guaraldi,2,2005.12.08,2012.12.11
Church,Galactic,16,1999.04.01,2000.08.24
Cinnamon Girl,Neil Young,6,2006.12.30,2019.03.21
Cissy Strut,The Meters,32,1998.10.09,2001.09.18
City of Tiny Lites,Frank Zappa,1,2005.09.04,2005.09.04
Clint Eastwood,Gorillaz,1,2013.03.15,2013.03.15
Closer,Nine Inch Nails,1,2008.12.31,2008.12.31
Cocaine,J.J. Cale,10,2003.09.10,2020.03.05
Cochise,Audioslave,1,2017.07.23,2017.07.23
Cold Gold,Brock Butler,2,2010.02.09,2010.06.03
Come As Your Kids,Nirvana/MGMT/Dead or Alive,11,2011.10.29,2019.08.29
Come Closer,Nine Inch Nails/The Beatles,26,2008.02.13,2019.10.25
Come To Mama,Etta James,1,2008.12.31,2008.12.31
Come Together,The Beatles,2,2007.03.15,2018.10.14
Comfortably Numb,Pink Floyd,27,2009.02.22,2019.05.10
Coming In From the Cold,Bob Marley,19,2000.06.14,2019.01.26
Comma Later,Umphrey's McGee,66,2012.04.27,2020.10.09
"Computer ""G""",Kenny Garrett,3,2001.06.02,2001.11.30
Conduit,Umphrey's McGee,184,2010.02.13,2020.09.02
Constellations,Umphrey's McGee,1,2013.04.26,2013.04.26
Controversy,Prince,6,2016.04.28,2018.08.19
Cowboys from Hell,Pantera,1,2004.12.09,2004.12.09
Crazy Fingers,Grateful Dead,3,2008.09.01,2014.05.03
Crossroads,Johnson/Clapton,4,1999.05.11,1999.06.24
Crucial Taunt,Umphrey's McGee,53,2012.05.27,2020.09.02
Cruel Summer,Banarama,1,2013.10.17,2013.10.17
Cummins Lies,Umphrey's McGee,24,2009.02.20,2016.02.14
Cut Off,Umphrey's McGee,18,2016.12.31,2020.03.05
Cut the Cable,Umphrey's McGee,74,2012.12.30,2020.01.29
Daffodils,Mark Ronson,15,2016.01.02,2019.07.20
Damn Right I've Got the Blues,Buddy Guy,2,2008.12.29,2012.04.26
Dance Hall Days,Wang Chung,4,2012.12.31,2015.03.21
Dancing Days,Led Zeppelin,4,2016.04.07,2018.08.24
Dark Brush,Umphrey's McGee,10,2018.02.18,2020.02.15
Dark Side of the Street,Arlo McKinley and the Free People,1,2019.11.08,2019.11.08
Day Dreaming,Aretha Franklin,1,2008.12.13,2008.12.13
Day Nurse,Umphrey's McGee,129,2011.01.28,2020.09.06
Dazzey Duks,Duice,3,2002.08.17,2002.11.01
"De Do Do Do, De Da Da Da",The Police,1,2002.12.12,2002.12.12
Dear Doctor,The Rolling Stones,1,2001.04.20,2001.04.20
Dear Lord,Umphrey's McGee,53,1998.01.29,2019.03.30
Dear Prudence,The Beatles,24,2002.09.18,2018.08.30
Debra,Beck,7,2000.07.22,2018.12.14
Dee,Randy Rhoads,7,2004.03.23,2013.10.25
Deeper,Umphrey's McGee,78,2010.12.31,2020.02.15
Demolition Man,The Police,1,2010.12.31,2010.12.31
Den,Umphrey's McGee,45,2012.04.27,2020.09.03
Depth Charge,Umphrey's McGee,19,2012.05.26,2020.01.24
Der Bluten Kat,Umphrey's McGee,458,1998.08.27,2020.03.07
Detroit Rock City,Kiss,2,2012.02.18,2018.12.31
DeWayne,Umphrey's McGee,1,2001.02.02,2001.02.02
Dick in a Box,The Lonely Island,3,2006.12.31,2019.12.31
Dig A Pony,The Beatles,8,2005.10.28,2019.03.01
Digital Buddha,The Disco Biscuits,1,2006.06.10,2006.06.10
Dim Sun,Umphrey's McGee,9,2011.09.14,2016.10.21
Dio,Tenacious D,1,2001.11.16,2001.11.16
Dirty Love,Frank Zappa,34,1999.10.01,2018.10.18
Divisions,Umphrey's McGee,328,1998.01.21,2020.09.06
Domino Theory,Umphrey's McGee,95,2011.09.06,2020.01.19
Don't Do It,The Band,2,2004.12.31,2011.12.31
"Don't Fear the Doves, Snucka",Prince/Umphrey's McGee/Blue Öyster Cult,1,2013.10.31,2013.10.31
Don't Fight It,Wilson Pickett,1,2011.05.29,2011.05.29
Don't Stop 'til You Get Enough,Michael Jackson,9,2008.12.31,2016.05.07
Don't Stop the Spirit of the Radio,Journey/Rush,2,2010.10.31,2010.11.04
Don't Stop Until Crosstown Traffic,Michael Jackson/Jimi Hendrix,1,2010.07.03,2010.07.03
Don't You (Forget About Me),Simple Minds,10,2013.12.30,2020.02.28
Dough Bro,Umphrey's McGee,2,2002.11.01,2004.05.27
Down Under,Men at Work,77,1998.04.04,2018.12.14
Downtrodden,Umphrey's McGee,1,2016.05.06,2016.05.06
Dr. Feelgood,Mötley Crüe,46,2002.04.10,2018.12.31
Draconian,Umphrey's McGee,49,2015.05.01,2020.10.10
Dream Team,Umphrey's McGee,1,2012.04.27,2012.04.27
Dreams,Fleetwood Mac,4,2011.02.13,2013.04.13
Drift Away,Mentor Williams,1,2018.08.12,2018.08.12
Drink My Drank,Umphrey's McGee,15,2012.12.29,2020.02.27
Driven to Tears,The Police,23,2014.05.23,2019.08.15
Drums,Umphrey's McGee,213,1998.02.20,2019.03.23
Duck Butter,Umphrey's McGee,3,2003.07.27,2008.09.01
Dump City,Umphrey's McGee,310,2002.01.23,2020.06.11
E.T.I.,Blue �yster Cult,31,2003.11.22,2019.02.14
East Nashville Easter,Yonder Mountain String Band,1,2011.07.13,2011.07.13
Easy,The Commodores,2,2003.02.14,2007.09.15
Eat,Umphrey's McGee,109,2006.02.22,2020.02.15
Eclipse,Pink Floyd,2,2006.06.16,2014.05.03
Educated Guess,Umphrey's McGee,73,2014.07.05,2020.10.09
Electric Avenue,Eddy Grant,1,1998.10.31,1998.10.31
Electric Avenue to Hell,Umphrey's McGee/AC/DC/Eddy Grant,4,2013.10.31,2019.11.09
Eminence Front,The Who,26,2009.03.28,2019.05.30
Empty the Tank,Umphrey's McGee,1,2009.04.05,2009.04.05
End of the Road,Umphrey's McGee,90,2006.04.03,2020.01.18
Equal Rights,Peter Tosh,24,1999.07.24,2010.10.06
Escape,Rupert Holmes,1,2017.07.23,2017.07.23
Even If You Don't,Ween,2,2015.05.22,2015.06.27
Every Little Thing She Does Is Magic,The Police,1,2019.10.31,2019.10.31
Every Rose Has Its Thorn,Poison,3,1998.10.31,2001.09.08
Example 1,Umphrey's McGee,314,1999.08.27,2020.06.11
Fame,David Bowie and John Lennon,15,2004.02.05,2020.02.13
Family Feud theme,Edd Kalehoff,19,2002.07.19,2006.05.04
Farther Down The Road (You Will Accompany Me),Taj Mahal,2,2001.12.31,2006.12.31
Fat Man in the Bathtub,Little Feat,2,2018.12.31,2019.02.15
Father and Son,Cat Stevens,1,2002.10.05,2002.10.05
FDR,Umphrey's McGee,2,2003.04.23,2013.04.26
Fearless,Pink Floyd,6,2006.09.22,2016.03.13
Feelin' Alright,Traffic/Joe Cocker,2,2014.12.31,2015.02.12
FF,Umphrey's McGee,309,1998.01.21,2019.10.18
Final Word,Umphrey's McGee,33,2013.04.26,2020.03.07
Flamethrower,Umphrey's McGee,30,2012.02.10,2019.12.27
Fly Like a Beagle,Umphrey's McGee,1,2016.05.06,2016.05.06
Flying,The Beatles,34,1999.12.18,2018.01.12
Fool in the Rain,Led Zeppelin,86,1999.01.21,2019.01.11
Fool's Gold,Umphrey's McGee,1,2013.04.26,2013.04.26
Footsteps,Pearl Jam,1,2020.03.07,2020.03.07
Forks,Umphrey's McGee,28,2011.05.28,2020.02.28
Forty-Six & 2,Tool,11,2012.04.27,2019.08.30
Frankie Zombie,White Zombie/Frankie Goes to Hollywood/Pink Floyd,13,2012.10.27,2020.01.29
Franklin's Tower,Grateful Dead,4,1998.04.01,2005.02.12
Freedom of '76,Ween,3,2012.02.11,2017.09.23
Freedom! '90,George Michael,12,1999.06.06,2019.11.01
Friend of the Devil,Grateful Dead,1,2005.04.01,2005.04.01
From the Beginning,"Emerson, Lake & Palmer",1,2016.03.11,2016.03.11
Front Porch,Umphrey's McGee,257,1998.05.21,2020.09.03
Front Port,Umphrey's McGee,3,2001.02.08,2002.12.13
Fuck You,Cee Lo Green,2,2010.09.04,2010.10.08
Full Frontal,Umphrey's McGee,11,2015.01.01,2019.12.27
Funk Improv,Umphrey's McGee,1,2014.05.03,2014.05.03
Funk Jam,Umphrey's McGee,1,2010.04.24,2010.04.24
Funky Bitch,Son Seals,2,1998.05.02,1998.05.27
Funky Stuff,Kool & the Gang,1,2013.12.31,2013.12.31
G-Song,Umphrey's McGee,81,1998.01.29,2014.11.08
Garbage Man,Ike Turner and the Family Vibes,33,1999.12.17,2004.10.08
Gents,Umphrey's McGee,16,2014.05.03,2019.08.25
Gesture Under a Mitten,Umphrey's McGee,35,2002.01.23,2002.08.27
Get Down,War,23,2001.08.11,2002.11.22
Get In The Van,Umphrey's McGee,249,2001.08.11,2019.08.04
Get Lucky,Daft Punk,2,2013.04.20,2013.04.26
Get Up (I Feel Like Being a) Sex Machine,James Brown,1,2010.12.31,2010.12.31
Ghostbusters,Ray Parker Jr.,1,1998.10.31,1998.10.31
Gin and Juice,Snoop Doggy Dogg,3,2002.11.14,2012.07.04
Girlfriend is Better,Talking Heads,29,2010.04.24,2020.02.27
Give It To Mama Jama,Carl Carlton/Rick James,1,2014.10.31,2014.10.31
Glide,Pleasure,4,2013.12.30,2017.12.03
Glory,Umphrey's McGee,330,2002.05.17,2020.10.10
Go to Hell,Umphrey's McGee,72,2009.10.03,2020.02.26
Gobbler's Knob,Umphrey's McGee,1,2015.08.15,2015.08.15
God Gave Rock 'n' Roll To You II,Kiss,1,2006.11.17,2006.11.17
Goin' Down Slow,St. Louis Jimmy Oden,1,2005.11.19,2005.11.19
Going to California,Led Zeppelin,1,2011.04.02,2011.04.02
Golden Slumbers,The Beatles,4,2002.12.31,2013.04.26
Golden Years,David Bowie,2,2016.12.31,2017.03.10
Gone for Good,Umphrey's McGee,16,2016.01.01,2018.03.08
Good Morning Good Morning,The Beatles,2,2004.12.31,2012.12.31
Good Ol' Boys,Waylon Jennings,54,2001.08.11,2016.08.19
Good Times Bad Times,Led Zeppelin,3,2018.08.24,2019.03.01
Goodbye Blue Sky,Pink Floyd,1,2001.11.02,2012.12.08
Goonville,Umphrey's McGee,21,2015.03.08,2020.02.14
Got Me Wrong,Alice In Chains,11,2001.08.18,2002.09.17
Got Your Milk (Right Here),Ali Baba's Tahini,148,2005.12.09,2020.02.12
Graceland,Paul Simon,5,2010.02.09,2020.02.12
Gravity's Real,Umphrey's McGee,3,2013.04.26,2016.08.11
Great American,Umphrey's McGee,131,2004.10.22,2020.02.14
Groove Holmes,Beastie Boys,30,1998.02.19,2016.03.18
Gulf Stream,Umphrey's McGee,66,2008.02.15,2020.09.05
Gurgle,Umphrey's McGee,45,2012.02.16,2020.01.25
Gut Strut,Umphrey's McGee,21,1998.02.11,1999.05.19
Hajimemashite,Tashi Station,341,1998.01.31,2020.10.10
Half Delayed,Umphrey's McGee,50,2017.12.30,2020.09.03
Halloween theme,John Carpenter,3,2003.10.31,2012.10.31
Handshake Drugs,Wilco,1,2019.08.18,2019.08.18
Hang Up Your Hang Ups,Herbie Hancock,8,2014.12.31,2019.01.16
Hanging Chads,Umphrey's McGee,2,2018.10.18,2019.10.19
Hangover,Umphrey's McGee,345,1998.09.12,2020.01.29
Happiness is a Warm Gun,The Beatles,1,2013.06.21,2013.06.21
Happy Birthday,,2,2003.12.05,2003.12.06
Have A Cigar,Pink Floyd,2,2019.06.21,2019.08.24
Headphones & Snowcones,Umphrey's McGee,8,2002.10.04,2019.12.31
Heart and Soul,Huey Lewis and the News,21,2003.10.31,2014.04.19
Heights,Matisyahu,1,2007.10.20,2007.10.20
Hells Bells,AC/DC,1,2003.04.20,2003.04.20
Help On the Way,Grateful Dead,23,1998.03.05,2012.10.31
Helter Skelter,The Beatles,2,2005.10.28,2015.05.01
Her Majesty,The Beatles,2,2002.12.31,2003.02.05
Hey Nineteen,Steely Dan,85,1999.09.17,2020.01.30
"Hey, Hey What Can I Do",Led Zeppelin,5,2012.12.30,2019.06.23
Higgins,Umphrey's McGee,293,2005.08.26,2020.10.10
Highway to Hell,AC/DC,1,2003.03.28,2003.03.28
Hill Street Blues theme,Mike Post,2,2002.11.15,2004.02.27
Hindsight,Umphrey's McGee,20,2015.01.01,2020.02.29
Hit It and Quit It,Funkadelic,2,2013.12.31,2014.05.23
Hold Me Now,Thompson Twins,1,2017.09.23,2017.09.23
Hold on Loosely,38 Special,1,2009.02.15,2009.02.15
Holding Back the Years,Simply Red,1,2007.12.29,2007.12.29
Hollywood Nights,Bob Seger,19,2009.10.29,2020.09.06
Home,The New Deal,2,2014.04.02,2019.08.18
Home Again,The Disco Biscuits,2,2006.05.05,2013.07.11
Home Sweet Home,Mötley Crüe,8,1999.09.04,2009.05.02
Honey Bunch,"Brian, Colin and Vince",1,2009.02.15,2009.02.15
Honky Tonk Women,The Rolling Stones,3,2005.11.04,2015.02.12
Hoochie Coochie Man,Willie Dixon,2,2008.12.29,2012.04.26
Hot for Teacher,Van Halen,30,2003.03.27,2019.07.03
Hourglass,Umphrey's McGee,42,2011.05.27,2018.06.02
Hours,Umphrey's McGee,45,1998.01.21,1999.10.22
How Many More Times,Led Zeppelin,10,2004.10.25,2019.06.23
Hunger Strike,Temple of the Dog,1,2017.05.18,2017.05.18
Hurt Bird Bath,Umphrey's McGee,455,2001.10.04,2020.09.05
Hurtin' House,Esther Phillips,9,2000.08.18,2002.02.13
Hysteria,Def Leppard,14,2001.05.25,2014.07.03
I Am Hydrogen,Phish,6,1998.01.21,1998.03.19
I Am the Walrus,The Beatles,49,2001.05.11,2018.01.25
I Am Trying to Break Your Heart,Wilco,1,2010.02.14,2010.02.14
I Can't Go for That (No Can Do),Hall & Oates,3,2011.06.04,2018.12.14
I Don't Need No Steam Heat,John Lee Hooker,1,2006.10.20,2006.10.20
I Got Love,Nate Dogg,4,2013.03.23,2016.08.12
I Got You (I Feel Good),James Brown,1,2016.04.07,2016.04.07
I Heard It Through the Grapevine,Bill Frisell (Whitfield / Strong),12,2006.10.20,2020.10.10
I Keep Forgettin',Michael McDonald,2,2010.02.14,2015.01.31
I Ran,A Flock of Seagulls,46,2004.03.12,2020.02.13
I Still Haven't Found What I'm Looking For,U2,1,2008.12.31,2008.12.31
I Wanna Be Your Lover,Prince,8,2017.10.28,2020.01.29
I Want a New Drug,Huey Lewis and the News,7,2000.04.07,2017.12.31
I Want You (She's So Heavy),The Beatles,32,2006.12.29,2019.10.23
I Want You Back,Jackson 5,39,1999.06.17,2002.04.22
I'll Take You There,The Staple Singers,1,2005.04.26,2005.04.26
I'm On Fire,Bruce Springsteen,22,2009.10.08,2019.08.18
I've Got a Feeling,The Beatles,21,1999.12.17,2013.03.07
Ignition,R. Kelly,3,2015.12.31,2016.03.26
Immigrant Song,Led Zeppelin,34,2005.04.16,2019.06.23
In a Silent Way,Miles Davis,18,2000.10.06,2017.03.17
In Bloom,Nirvana,30,2002.04.29,2019.08.03
In The Black,Umphrey's McGee,38,2015.05.01,2020.02.28
In the Flesh?,Pink Floyd,65,1998.12.09,2020.01.25
In the Hall of the Mountain King,Edvard Grieg,24,2000.05.27,2015.07.03
In The Kitchen,Umphrey's McGee,417,2002.12.06,2020.10.09
In The Puppet Kitchen,Umphrey's McGee,2,2011.10.29,2013.12.30
In Violation of Yes,Umphrey's McGee,65,2002.05.16,2011.04.02
Infernal Dance of All Kastchei's Subjects,Igor Stravinsky,23,1999.02.27,2000.09.09
Instant Karma!,John Lennon,1,2006.12.30,2006.12.30
Intentions Clear,Umphrey's McGee,185,2006.04.15,2020.03.07
Interstate Love Song,Stone Temple Pilots,4,2002.04.22,2011.02.04
Intro,Umphrey's McGee,215,1998.01.21,2018.05.18
It Doesn't Matter,Umphrey's McGee,34,2018.01.11,2020.09.06
It's About That Time,Miles Davis,74,2000.09.14,2020.01.18
It's All Right,Curtis Mayfield and the Impressions,1,2011.06.04,2011.06.04
It's Gonna Be A Long Night,Ween,2,2008.02.17,2019.01.25
It's Not Impossible,KVHW,1,2005.09.29,2005.09.29
It's So Easy,Guns N' Roses,6,2004.02.06,2013.07.02
It's the End of the World as We Know It (And I Feel Fine),R.E.M.,2,2012.12.20,2015.01.03
JaJunk,Umphrey's McGee,400,2002.09.06,2020.09.06
Jam,Umphrey's McGee,50,1998.11.04,2019.06.22
Jamaica Farewell,Harry Belafonte,2,2002.09.07,2002.09.20
Jane Says,Jane's Addiction,36,2001.05.04,2014.08.28
Japanese Cowboy,Ween,1,2015.05.22,2015.05.22
Jared,Umphrey's McGee,5,2001.03.24,2001.09.14
Jekyll & Hyde,Umphrey's McGee,17,2011.12.29,2018.08.16
Jessica,The Allman Brothers Band,58,1998.09.25,2019.04.04
Jesus Is Just Alright,Doobie Brothers,16,1999.06.24,2002.04.02
Jive Talkin',The Bee Gees,2,2000.08.24,2000.09.01
Join Together,The Who,2,2016.07.03,2016.10.21
Jose,Umphrey's McGee,26,1999.09.17,2001.09.08
Jump,Van Halen,7,1998.01.29,2003.06.19
Jumpin' Jack Wedding Party (All the Time),The Rolling Stones/Billy Idol/Eddie Murphy,1,2016.10.30,2016.10.30
Junct,Garaj Mahal,1,2002.07.04,2002.07.04
Just a Friend,Biz Markie,5,2000.09.01,2005.09.23
Just a Gigolo,Brammer/Caesar/Casucci,1,2005.12.31,2005.12.31
Just the Two of Us,Bill Withers,1,2009.04.16,2009.04.16
Just What I Needed,The Cars,2,2014.02.22,2014.04.17
Kabump,Ali Baba's Tahini,226,1998.08.27,2020.02.15
Kashmir,Led Zeppelin,23,2003.10.09,2020.01.23
Kat's Tune,Ali Baba's Tahini,93,2001.03.16,2013.07.03
Keefer,Umphrey's McGee,9,2009.08.28,2019.08.22
Kid Charlemagne,Steely Dan,4,2011.03.13,2017.03.11
Kielbasa,Tenacious D,4,2001.11.16,2017.03.04
Kimble,Umphrey's McGee,276,1998.01.21,2020.10.09
King of Pain,The Police,1,2019.10.31,2019.10.31
Kinky Reggae,Bob Marley,39,2000.06.23,2015.04.17
Kiss Me Deadly,Lita Ford,1,2003.02.07,2003.02.07
Kula,Umphrey's McGee,42,2007.12.29,2020.01.24
L.A. Woman,The Doors,1,2003.12.10,2003.12.10
La Grange,ZZ Top,4,2012.04.28,2018.10.14
Lady,Little River Band,1,2001.02.02,2001.02.02
Lady Madonna,The Beatles,1,2009.12.30,2009.12.30
Land Of Wappy,Umphrey's McGee/Genesis/Metallica,2,2009.10.31,2010.04.24
Larceny,Umphrey's McGee,1,2013.04.27,2013.04.27
Last Call,Umphrey's McGee,38,2002.02.08,2014.12.31
Last Caress,Misfits,1,2016.07.17,2016.07.17
Last Man Swerving,Umphrey's McGee,169,2001.03.17,2020.02.13
Last Train Home,Pat Metheny,20,2003.10.23,2020.01.18
Late in the Evening,Paul Simon,9,2000.01.28,2016.04.07
Layla,Derek and the Dominos,27,2005.03.31,2019.08.10
Le Blitz,Umphrey's McGee,41,2013.05.31,2020.10.09
Lean On Me,Bill Withers,1,2015.08.14,2015.08.14
Leave Me Las Vegas,Umphrey's McGee,6,2009.03.05,2013.07.05
Led Boots,Jeff Beck,2,2015.01.03,2015.01.18
Led Zeppelin Medley,Led Zeppelin,1,2004.02.26,2004.02.26
Legalize It,Peter Tosh,2,2007.12.16,2013.12.30
Lenny,Stevie Ray Vaughan,51,2000.10.27,2020.02.01
Let 'Em In,Wings,3,2009.03.13,2011.07.10
Let It Rock,Chuck Berry,1,2011.02.10,2011.02.10
"Let Me Go Home, Whiskey",Asleep at the Wheel,11,2005.10.28,2011.02.09
Let The Good Times Roll,Louis Jordan,1,2008.12.31,2008.12.31
Let's Dance,David Bowie,28,2011.12.31,2019.10.18
Let's Get It On,Marvin Gaye,3,2000.04.07,2011.02.19
Let's Go Crazy,Prince,1,2017.10.28,2017.10.28
Liberty Echo,Umphrey's McGee,18,2012.04.27,2020.09.03
Licking Stick,James Brown,2,2003.04.18,2003.04.28
Life During Exodus,Talking Heads/Bob Marley/Frank Zappa,21,2012.10.27,2020.02.29
Lift & Separate,Umphrey's McGee,2,2012.04.27,2013.02.01
Limelight,Rush,2,2020.01.18,2020.01.30
Linus and Lucy,Vince Guaraldi,22,1998.01.21,2002.11.21
Liquid,Umphrey's McGee,44,2006.03.10,2019.08.24
Lisztomania,Phoenix,3,2010.02.25,2010.10.07
Little Gift,Umphrey's McGee,32,2014.06.29,2020.03.05
Little Red Corvette,Prince,1,2017.10.28,2017.10.28
Little Wing,Jimi Hendrix,1,2008.04.05,2008.04.05
Live and Let Die,Paul McCartney & Wings,27,2011.05.28,2019.03.09
Lively Up Yourself,Bob Marley,53,1998.09.11,2018.08.11
Living In America,James Brown,1,2014.12.31,2014.12.31
Living On a Farm,Ali Baba's Tahini,1,2009.02.13,2009.02.13
Lodi Dodi,Snoop Dogg,1,2003.06.27,2003.06.27
London Calling,The Clash,7,2008.02.09,2019.04.03
London Dungeon,The Misfits,1,2014.06.21,2014.06.21
Looks,Umphrey's McGee,34,2018.01.13,2020.09.03
Loose Ends,Umphrey's McGee,48,2012.03.25,2020.02.27
Lord Bail Ship,Umphrey's McGee,3,2016.07.09,2017.06.02
Lost Due to Incompetence (Theme for a Big Green Van),Yesca,1,2001.04.18,2001.04.18
Louisiana 1927,Randy Newman,1,2006.06.01,2006.06.01
Lucid State,Umphrey's McGee,9,2014.07.05,2016.08.11
"Luckenbach, Texas (Back to the Basics of Love)",Waylon Jennings,7,2004.02.27,2013.10.17
M.C. Escher,Ali Baba's Tahini,1,1998.05.23,1998.05.23
Machine Gun,The Commodores,4,2001.12.31,2003.08.16
Mad Love,Umphrey's McGee,48,2014.05.03,2020.02.14
Made to Measure,Umphrey's McGee,74,2008.12.30,2020.02.15
Mail Package,Umphrey's McGee,186,2003.10.31,2020.03.07
Make It Right,Umphrey's McGee,50,2015.05.01,2020.09.02
Make Me,John Scofield,24,2000.05.26,2014.05.24
Making Flippy Floppy,Talking Heads,76,2004.08.07,2020.09.05
Mama I'm Coming Home,Ozzy Osbourne,2,2004.10.30,2007.03.06
Mamu,Umphrey's McGee,93,1999.04.28,2015.05.01
Maneater,Hall & Oates,2,2011.12.30,2012.02.18
Mantis,Umphrey's McGee,149,2009.01.22,2020.09.02
Mantis Ghetts,Umphrey's McGee,31,2009.07.15,2019.08.31
Maple Leaf Rag,Scott Joplin,8,1999.06.30,2004.04.03
March of the S.O.D.,S.O.D.,4,2004.05.30,2005.03.20
Marquee Moon,Television,1,2006.04.21,2006.04.21
Masoko Tanga,The Police,10,2007.03.14,2018.10.20
Maybe Someday,Umphrey's McGee,37,2018.01.14,2020.09.06
Mean Mr. Mustard,The Beatles,8,1998.04.04,2018.08.11
Mediterranean Sundance,Al Di Meola,3,2001.07.03,2013.05.09
Meeting in the Aisle,Radiohead,18,2006.07.18,2020.01.31
Memories of Home,Umphrey's McGee,6,2006.08.17,2018.01.20
Memphis Underground,Herbie Mann,5,2005.04.01,2009.10.03
Mercedes Benz,Janis Joplin,3,2001.10.27,2003.05.25
"Mercy, Mercy, Mercy",Joe Zawinul,1,2007.09.13,2007.09.13
Message in a Bottle,The Police,2,2010.08.12,2019.10.31
Miami Virtue,Umphrey's McGee,125,2011.09.07,2020.09.03
Mike's Song,Phish,10,1998.01.21,1998.08.29
Miles Beyond,Mahavishnu Orchestra,4,2004.03.25,2005.02.25
Miss Gradenko,The Police,39,2001.08.12,2017.01.22
Miss Tinkle's Overture,Umphrey's McGee,409,2002.10.09,2020.10.09
Miss You,The Rolling Stones,4,2012.06.29,2014.04.12
Mixed Bizness,Beck,1,2010.12.31,2010.12.31
Moby Dick,Led Zeppelin,25,1998.01.21,2015.03.15
Modern Love,David Bowie,1,2019.12.31,2019.12.31
Mondo Garaj,Garaj Mahal,1,2002.07.04,2002.07.04
Money For Nothing,Dire Straits,2,2012.10.31,2013.01.25
Mood for a Day,Yes,5,2007.10.19,2012.11.03
Moogasauras Rex,Umphrey's McGee,7,2002.02.06,2002.06.27
Morning Song,Umphrey's McGee,138,2006.02.16,2020.01.23
Mother,Danzig,5,2012.07.01,2014.05.04
Motherless Children,Eric Clapton,1,2007.04.15,2007.04.15
Move Your Rug,Jeff Coffin,1,2009.12.31,2009.12.31
Moving In Stereo,The Cars,1,2019.09.21,2019.09.21
Much Obliged,Umphrey's McGee,386,1998.04.15,2020.02.12
Muff II: The Revenge,Umphrey's McGee,121,1998.09.11,2019.12.27
Muffburger Sandwich,Umphrey's McGee,41,1998.01.21,2010.04.24
Muffin Man,Frank Zappa,1,2016.07.02,2016.07.02
Mulche's Odyssey,Ali Baba's Tahini,373,2002.10.10,2020.10.10
Mullet (Over),Umphrey's McGee,209,2001.01.27,2020.02.29
Muscle Shoals Nitty Gritty,Herbie Mann,10,2009.03.05,2014.04.17
My Favorite Things,John Coltrane (Rodgers & Hammerstein),16,1999.09.02,2001.12.12
My Old School,Steely Dan,1,2006.12.31,2006.12.31
Nachos for Two,Umphrey's McGee,92,1998.11.04,2003.11.01
National Loser Anthem,Radiohead/Beck/Phil Collins,4,2014.10.31,2020.02.15
Natural Mystic,Bob Marley,1,2011.12.30,2011.12.30
Nebraska,moe.,2,1998.11.04,1998.11.20
Nemo,Umphrey's McGee,263,2004.01.30,2020.02.13
Nemo's Fat Bottomed Good Times,Umphrey's McGee/Queen/Led Zeppelin,4,2009.10.31,2010.02.25
Never Cease,Umphrey's McGee,9,2003.09.25,2009.04.05
Night Gambler,Kenny Rogers/The Bee Gees/The Sugarhill Gang/Public Ene,1,2009.10.31,2009.10.31
Night Moves,Bob Seger,11,2004.06.08,2015.04.24
Night Nurse,Umphrey's McGee,60,2009.11.20,2020.10.10
Nineteen Hundred and Eighty-Five Wellwishing,Wings/Terrence Trent D'Arby/Umphrey's McGee,1,2011.10.29,2011.10.29
Nipple Trix,Umphrey's McGee,46,2011.05.28,2020.02.26
No Comment,Umphrey's McGee,43,2010.03.04,2019.03.23
No Diablo,Umphrey's McGee,75,2013.04.26,2020.09.06
No More Tears,Ozzy Osbourne,19,2004.10.30,2014.11.06
No Ordinary Love,Sade,10,2001.02.10,2016.05.07
No Quarter,Led Zeppelin,5,2002.03.07,2019.06.23
No Woman Let It Be,Bob Marley/The Beatles,1,2011.10.28,2011.10.28
Non-Compliance,Umphrey's McGee,4,2015.05.01,2017.07.09
Nopener,Umphrey's McGee,79,2003.11.19,2020.02.28
North Route,Umphrey's McGee,22,2016.12.30,2020.02.26
Norwegian Wood,The Beatles,1,2004.04.21,2004.04.21
Not Fade Away,Buddy Holly,1,2011.09.06,2011.09.06
Nothing Too Fancy,Ali Baba's Tahini,458,2000.10.27,2020.10.09
November Walk,Guns N' Roses/Umphrey's McGee,1,2010.10.31,2010.10.31
Nuthin' but a 'G' Thang,Dr. Dre,24,2001.02.09,2014.05.03
Ocean Billy,Umphrey's McGee,255,2003.10.31,2020.09.06
October Rain,Umphrey's McGee,26,2014.01.18,2020.02.15
Oesque,Umphrey's McGee,1,2001.02.17,2001.02.17
Oh Shenandoah,trad.,1,2004.09.04,2004.09.04
Oh What a World,Rufus Wainwright,1,2005.03.22,2005.03.22
Once In a Lifetime,Talking Heads,2,2015.08.14,2018.03.24
One,Metallica,3,2002.04.19,2003.05.25
"One More Wicked, Cruel Summer",Chris Isaak/Bananarama/Daft Punk,1,2016.10.30,2016.10.30
Onward & Upward,Umphrey's McGee,2,2014.05.03,2017.07.23
Ophelia,The Band,7,2004.12.31,2017.01.27
Orfeo,Umphrey's McGee,86,1998.01.21,2020.03.06
Orion,Metallica,1,2013.04.26,2013.04.26
Out Of Order,Umphrey's McGee,248,2000.08.17,2020.02.12
Outshined,Soundgarden,2,2019.05.26,2019.07.13
Padgett's Profile,Ali Baba's Tahini,150,2001.04.06,2019.03.23
Panama,Van Halen,19,2004.04.27,2018.10.20
Papa Can Change a Blurred Stone,The Temptations/Robin Thicke/Marvin Gaye/LCD Soundsyste,1,2013.10.31,2013.10.31
Paradise City,Guns N' Roses,3,2003.09.13,2018.01.20
Partyin' Peeps,Karl Engelmann,272,2004.07.15,2020.09.02
Passing,Umphrey's McGee,81,2005.03.26,2019.01.18
Pathetique,Beethoven,1,2004.05.07,2004.05.07
Patience,Guns N' Roses,37,1998.03.19,2020.02.15
Pay the Snucka,Umphrey's McGee,346,2000.08.17,2020.02.15
Pearl Necklace,ZZ Top,7,2003.09.13,2007.10.25
Peg,Steely Dan,10,2010.12.29,2015.01.30
Peter Gunn / Every Breath You Take,Henry Mancini/The Police,23,2002.10.05,2018.01.26
Phil's 7 Nation Money Farm,Umphrey's McGee/The White Stripes/Pink Floyd/Led Zeppel,4,2008.10.31,2014.08.15
Phil's Farm,Umphrey's McGee,404,1998.01.21,2020.10.10
Philosophy,Ben Folds Five,2,1998.01.21,1998.01.29
Physical,Olivia Newton-John,1,2019.12.31,2019.12.31
Piano Sonata #16 in C Major,Mozart,1,2007.10.31,2007.10.31
Pick Up the Pieces,Average White Band,3,2000.01.28,2001.07.17
Pick Your Nose,Umphrey's McGee,27,1998.02.19,2003.11.01
Pipeline,The Chantays,36,2003.04.10,2020.02.29
Piranhas,Umphrey's McGee,24,2014.12.31,2018.06.02
Play This,Keller Williams,2,2005.12.30,2006.01.07
Plunger,Umphrey's McGee,333,2004.07.08,2020.09.06
Plush,Stone Temple Pilots,2,2015.12.06,2018.05.19
Polythene Pam,The Beatles,7,2002.12.31,2018.08.11
PonchEstrada,Umphrey's McGee,3,2001.05.04,2001.07.13
Pooh Doggie,Umphrey's McGee,15,2002.02.06,2019.02.21
Porch,Pearl Jam,3,2013.04.26,2014.02.13
Pork Chop Pie,Ali Baba's Tahini,5,2003.02.07,2013.12.30
Pour Some Sugar On Me,Def Leppard,5,1998.01.21,1998.05.02
Pow,Beastie Boys,37,1998.02.19,2000.11.10
Power of Love,Huey Lewis and the News,1,2014.11.15,2014.11.15
Power of Soul,Jimi Hendrix,84,2000.06.15,2020.02.26
Preamble,Umphrey's McGee,148,2009.01.22,2020.09.02
Professor Wormbog,Ali Baba's Tahini,302,2000.10.05,2020.03.07
Prophecy Now,Umphrey's McGee,9,2009.02.15,2009.08.27
Proverbial,Umphrey's McGee,5,2014.05.04,2018.07.05
Prowler,Umphrey's McGee,386,1999.12.17,2020.02.29
Punchable Face,Umphrey's McGee,3,2019.08.10,2019.10.25
Puppet String,Umphrey's McGee,200,2011.05.28,2020.09.06
Push & Pull,Umphrey's McGee,14,2018.05.27,2020.03.05
Push the Booth Deeper,Umphrey's McGee,1,2013.11.02,2013.11.02
Push the Pig,Umphrey's McGee,395,2002.01.23,2020.09.06
Q*Bert,Umphrey's McGee,125,1999.09.04,2018.10.18
Rainbow Country,Bob Marley,11,2001.04.13,2017.12.02
Rainy Day Women #12 & 35,Bob Dylan,1,2008.10.31,2008.10.31
Ramble On,Led Zeppelin,2,2019.06.23,2019.07.19
Rapper's Delight,The Sugarhill Gang,1,2000.08.24,2000.08.24
Raspberry Beret,Prince,1,2017.10.28,2017.10.28
Rastaman Chant,Bob Marley,26,2001.04.19,2013.10.24
Raymond,Umphrey's McGee,50,1999.10.01,2018.08.25
Rebubula,moe.,46,1998.01.29,2014.05.03
Red,King Crimson,19,2005.10.28,2017.02.04
Red Barchetta,Rush,1,2017.07.02,2017.07.02
Red Baron,Billy Cobham,69,1998.01.21,2005.04.30
Red Room,Umphrey's McGee,1,2020.01.24,2020.01.24
Red Room Disco,Umphrey's McGee,1,2010.04.24,2010.04.24
Red Tape,Umphrey's McGee,103,2009.01.24,2020.03.06
Reelin' in the Years,Steely Dan,22,2009.12.31,2017.03.19
Reggatta de Blanc,The Police,1,2019.10.31,2019.10.31
Regulate,Warren G and Nate Dogg,48,2000.02.26,2020.03.07
Release,Pearl Jam,15,2002.07.10,2019.08.18
Remind Me,Umphrey's McGee,74,2015.05.01,2020.09.05
Resolution,Ali Baba's Tahini,377,2001.10.27,2020.09.03
Respect Yourself,The Staple Singers,1,2011.05.29,2011.05.29
REW,Umphrey's McGee,1,2012.04.27,2012.04.27
Rhiannon,Fleetwood Mac,2,2003.09.13,2015.08.14
Rhinoceros,The Smashing Pumpkins,3,2008.02.16,2008.07.18
Ride On Pony,Umphrey's McGee,16,2009.04.05,2019.08.30
Rift,Phish,5,1998.06.05,1998.11.13
Right Off,Miles Davis,1,2007.12.30,2007.12.30
Ring of Fire,Johnny Cash,2,2003.09.12,2004.05.19
Ringo,Ali Baba's Tahini,396,2001.10.05,2020.10.09
Rise To the Top,Umphrey's McGee,1,2013.04.26,2013.04.26
Rising Bird,Umphrey's McGee,2,2003.02.14,2019.10.19
River People,Weather Report,2,2013.12.29,2018.12.31
Roadhouse Blues,The Doors,1,2006.10.06,2006.10.06
Robot World,Umphrey's McGee,113,2004.08.07,2020.02.13
Rock and Roll Ain't Noise Pollution,AC/DC,4,2003.05.25,2011.10.28
Rock and Roll Part 2,Gary Glitter,2,1998.06.06,2004.11.12
Rock the Casbah,The Clash,14,2013.12.28,2018.08.25
Rocker,Umphrey's McGee,17,2006.04.03,2018.02.03
Rocker Part 2,Umphrey's McGee,158,2007.12.31,2020.10.10
Roctopus,Umphrey's McGee,31,2016.05.06,2020.09.05
Rollin' Stone,Muddy Waters,1,2003.08.16,2003.08.16
Rondo Alla Turca,Mozart,4,2002.02.22,2004.08.27
Room to Breathe,Umphrey's McGee,78,2011.05.29,2020.01.30
Root Beer Rag,Billy Joel,2,2003.11.29,2015.06.28
Rosanna,Toto,45,1998.10.31,2017.03.12
Roses,Outkast,2,2003.12.30,2004.01.08
Roulette,Umphrey's McGee,273,2001.08.11,2019.08.31
Roundabout,Yes,10,2010.12.30,2020.09.03
Roxanne,The Police,1,2002.07.22,2002.07.22
Royally Feel Like Driftin' Away,Dobie Gray/Bad Company/Lorde,1,2016.10.30,2016.10.30
Ruled By Secrecy,Muse,1,2011.04.02,2011.04.02
Run Like An Antelope,Phish,4,1998.02.19,1998.04.20
Runnin' Down a Dream,Tom Petty,1,2017.10.20,2017.10.20
Runnin' with the Devil,Van Halen,20,2003.04.09,2019.08.22
Running on Empty,Jackson Browne,1,2013.04.26,2013.04.26
Sabotage,Beastie Boys,2,2017.11.04,2018.03.16
Sad Clint Eastwood,Metallica/Gorillaz,6,2008.10.31,2014.02.20
Salamander Strut,Umphrey's McGee,21,1998.02.20,1999.07.04
San Diego Super Chargers,Captain Q.B. and the Big Boys,2,2006.04.12,2010.01.15
San Francisco Bay,Lee Oskar,1,2002.04.12,2002.04.12
Scaffolding Melee,Umphrey's McGee,1,2014.05.24,2014.05.24
Scenes from an Italian Restaurant,Billy Joel,4,2002.12.31,2019.12.30
Se A Cabo,Santana,36,1999.05.19,2002.04.14
Señor Mouse,Al Di Meola (Chick Corea),73,2001.05.31,2016.01.29
Search 4,Umphrey's McGee,74,2007.12.30,2019.12.27
Seasons,Umphrey's McGee,33,2018.05.26,2020.09.05
Second Song,TV On the Radio,2,2011.12.29,2012.01.21
Seek and Destroy,Metallica,2,2005.10.28,2008.02.07
Seven Bridges Road,Steve Young,2,2004.10.09,2010.05.30
Sex Farm,Spinal Tap,5,1999.10.29,2009.07.16
Sgt. Pepper's Lonely Hearts Club Band (Reprise),The Beatles,1,2017.06.01,2017.06.01
She Came In Through The Bathroom Window,The Beatles,45,2000.09.29,2018.08.11
She Caught the Katy,Taj Mahal,4,2005.04.26,2013.05.26
She's Nineteen Years Old,Muddy Waters,1,2008.12.29,2008.12.29
Shhh / Peaceful,Miles Davis,1,2002.06.13,2002.06.13
Shine On You Crazy Diamond,Pink Floyd,45,2003.12.29,2019.08.17
Shotgun,Junior Walker,1,2003.12.31,2003.12.31
Show Biz Kids,Steely Dan,2,2008.02.12,2009.11.19
Showdown,Electric Light Orchestra,1,2015.08.20,2015.12.12
"Signed, Sealed, Delivered I'm Yours",Stevie Wonder,1,2003.12.31,2003.12.31
Silver Machine,Hawkwind,1,2015.12.30,2015.12.30
Similar Skin,Umphrey's McGee,89,2014.05.04,2020.10.09
Sir Duke,Stevie Wonder,1,2010.12.31,2010.12.31
Sirius,Alan Parsons Project,1,2016.09.04,2016.09.04
Sister Christian,Night Ranger,4,2001.05.26,2005.11.18
Skin the Cat,Umphrey's McGee,1,2014.05.03,2014.05.03
Skip,Umphrey's McGee,7,2000.10.31,2002.05.03
Slacker,Umphrey's McGee,385,1999.02.12,2020.09.03
Sledgehammer,Peter Gabriel,11,2004.12.31,2019.05.24
Sliding Down,"Edgar Meyer, Mike Marshall, and Bela Fleck",1,2001.09.08,2001.09.08
Slipknot!,Grateful Dead,22,1998.03.05,2012.10.31
Slow,Umphrey's McGee,5,1998.04.15,1998.05.27
Sludge & Death,Umphrey's McGee,12,2004.02.23,2019.02.14
Smell the Mitten,Umphrey's McGee,151,2002.09.17,2020.02.27
Snake Juice,Umphrey's McGee,11,2008.10.14,2018.10.20
So Far Away,Dire Straits,1,2018.03.14,2018.03.14
So What,Miles Davis,9,2003.10.24,2010.11.09
Sociable Jimmy,Umphrey's McGee,316,1999.10.01,2020.02.01
Solfegietto,C.P.E. Bach,5,2002.09.18,2006.05.06
Soul Food I,Ali Baba's Tahini,165,2000.10.20,2019.12.27
Soul Food II,Ali Baba's Tahini,40,2000.09.30,2020.02.12
Soul Food III,Umphrey's McGee,2,2016.05.06,2017.02.02
Southern Cross,Crosby Stills & Nash,2,2015.01.02,2015.08.09
Space Funk Booty,Ali Baba's Tahini,200,2000.09.07,2019.10.23
Space Oddity,David Bowie,1,2016.01.21,2016.01.21
Spain,Chick Corea,28,1999.02.12,2001.10.17
Speak Up,Umphrey's McGee,76,2015.12.31,2020.09.05
Spinal Meningitis,Ween,1,2015.05.22,2015.05.22
Spires,Umphrey's McGee,87,2009.01.22,2019.08.25
Spirits in the Material World,The Police,1,2019.10.31,2019.10.31
St. Hubbins Mach 2,Umphrey's McGee,2,2002.02.05,2003.11.29
Stanton,Umphrey's McGee,3,2014.10.30,2016.10.22
Start Me Up,The Rolling Stones,1,2003.09.12,2003.09.12
Steppin' Out,Joe Jackson,4,2017.12.30,2018.03.23
Steppin' Razor,Peter Tosh,15,2009.12.29,2019.02.21
Stew Art Event,Umphrey's McGee,6,2010.04.24,2015.05.01
Still of the Night,Whitesnake,1,2018.09.01,2018.09.01
Stinko's Ascension,Umphrey's McGee,20,2015.05.01,2019.08.23
Stir It Up,Bob Marley,6,1998.03.05,1998.05.23
Stomping Grounds,Bela Fleck,4,2000.04.14,2001.06.02
Stonehenge,Spinal Tap,4,2000.09.15,2002.04.10
Stop,Jane's Addiction,8,1998.05.27,2019.05.23
Strangletage,Beastie Boys/Ted Nugent,2,2014.10.31,2015.06.05
Strolling a Suspension Bridge,Seth Kaufman,1,1998.02.28,1998.02.28
Sun King,The Beatles,1,2002.12.31,2002.12.31
Superstition,Stevie Wonder,1,2001.09.08,2001.09.08
Susanah,Umphrey's McGee,24,2011.01.31,2019.01.25
Sussudio,Phil Collins,1,2013.12.31,2013.12.31
Suxity,Umphrey's McGee,8,2019.12.31,2020.09.06
Svenghali,The Disco Biscuits,1,2007.07.15,2007.07.15
Swamp Music,Lynyrd Skynyrd,2,2003.04.25,2003.05.14
Sweet Child o' Mine,Guns N' Roses,9,1998.01.31,2011.11.03
Sweet Home Alabama,Lynyrd Skynyrd,3,1998.04.20,1998.11.20
Sweet Sunglasses,Eurythmics/Corey Hart/MGMT,5,2009.10.31,2011.02.12
Sweetness,Umphrey's McGee,134,1999.07.25,2019.08.29
Synchronicity II,The Police,4,2019.10.31,2020.09.05
Syncopated Strangers,Umphrey's McGee,386,2001.03.16,2020.02.13
Take It to Church,Umphrey's McGee,12,2003.04.07,2013.02.17
Take Me Away,Ween,2,2015.05.22,2018.10.18
Take Me Out to the Ballgame,Norworth/Von Tilzer,2,1998.02.19,2003.05.15
Take Me To the River,Al Green/Talking Heads,1,2019.06.22,2019.06.22
Takin' It to the Streets,The Doobie Brothers,1,2011.03.10,2011.03.10
Talking in Your Sleep,The Romantics,1,2013.04.19,2013.04.19
Tango Mike,Umphrey's McGee,19,2010.03.03,2018.10.05
Techno Jam,Umphrey's McGee,1,2010.04.24,2010.04.24
Tell Me Something Good,Rufus and Chaka Khan,2,2003.12.31,2006.01.09
Tempted,Squeeze,3,2015.12.31,2016.08.14
Ten Years Gone,Led Zeppelin,6,2002.02.02,2019.08.23
Tenth Avenue Freeze-Out,Bruce Springsteen,1,2009.12.31,2009.12.31
Thank You,Dido,3,2001.03.03,2001.12.14
Thank You (Falettinme Be Mice Elf Agin),Sly and the Family Stone,1,2008.09.13,2008.09.13
That's All,Genesis,14,2008.02.08,2015.05.02
That's the Way,Led Zeppelin,18,2001.11.02,2016.07.03
That's What Love Will Make You Do,Little Milton,16,1999.06.17,2013.04.27
The Bed's Too Big Without You,The Police,1,2013.11.02,2013.11.02
The Bottom Half,Umphrey's McGee,264,2004.09.16,2020.02.13
The Chicken,"Jaco Pastorius (Alfred ""Pee Wee"" Ellis)",5,2000.04.07,2001.03.17
The Crooked One,Umphrey's McGee,233,2002.05.16,2019.12.27
The Emperor,Donald Byrd,5,2001.04.19,2003.03.08
The Empire State,Umphrey's McGee,2,2002.12.13,2003.06.18
The End,The Beatles,1,2002.12.31,2002.12.31
The Final Teen Spirit,Europe/Nirvana,1,2013.11.01,2013.11.01
The Floor,Umphrey's McGee,258,2007.10.31,2020.09.06
The Fussy Dutchman,Umphrey's McGee,317,1999.12.03,2020.02.28
The Fuzz,Umphrey's McGee,251,2001.01.26,2020.03.06
The Girl Is Mine,Michael Jackson,36,2001.05.04,2014.08.28
The Good Times Are Killing Me,Modest Mouse,3,2012.04.28,2017.03.17
The Great Gig in the Sky,Pink Floyd,6,2005.12.31,2016.04.08
The Grobe,Ween,4,2015.05.22,2018.03.16
The Haunt,Umphrey's McGee,119,2002.01.24,2019.01.19
The Joker,Steve Miller,1,2011.09.08,2011.09.08
The Linear,Umphrey's McGee,188,2010.01.22,2020.09.02
The Message,Grandmaster Flash and the Furious Five,4,2014.02.01,2016.08.04
The National Anthem,Radiohead,13,2010.12.31,2018.06.29
The Night They Drove Old Dixie Down,The Band,1,2015.05.01,2015.05.01
The Other Side of Things,Umphrey's McGee,87,1998.04.01,2014.11.08
The Payback,James Brown,1,2010.12.31,2010.12.31
The Pequod,Umphrey's McGee,57,2004.07.16,2020.02.01
The Plot Thickens,Umphrey's McGee,1,2012.09.02,2012.09.02
The Rain Song,Led Zeppelin,2,2004.04.22,2006.10.25
The Safety Dance,Men Without Hats,7,1998.10.31,2009.02.21
The Show Goes On,Lupe Fiasco,1,2015.05.15,2015.05.15
The Silent Type,Umphrey's McGee,48,2017.12.31,2020.10.09
"The Skunk, The Goose, and The Fly",Tower of Power,4,2000.04.07,2009.12.31
The Song Remains the Same,Led Zeppelin,84,2002.05.17,2019.11.08
The Star Spangled Banner,Francis Scott Key,9,2006.05.19,2016.12.28
The Stranger,Billy Joel,42,2001.12.31,2019.08.16
The Stroke,Billy Squier,1,2014.05.26,2014.05.26
The Triple Wide,Umphrey's McGee,448,2002.01.23,2020.10.10
The Triple Wide/Robot Rock,Umphrey's McGee/Daft Punk,2,2008.10.31,2009.04.11
The Trooper,Iron Maiden,2,2012.04.28,2014.11.07
The Way You Rule the World,Tears for Fears/Michael Jackson,8,2010.10.31,2014.04.10
The Weight,The Band,3,2005.04.26,2011.05.29
The Weight Around,Umphrey's McGee,30,2010.04.24,2020.10.09
Thela Hun Ginjeet,King Crimson,3,2007.03.14,2007.03.17
Them Bones,Alice in Chains,1,2009.04.16,2009.04.16
There's No Crying In Mexico,Umphrey's McGee,56,2011.12.30,2020.10.10
Theresa,Umphrey's McGee,2,2012.04.27,2012.10.17
Thin Air,Umphrey's McGee,261,1998.04.20,2020.03.05
Things Can Only Get Better,Howard Jones,1,2013.12.31,2013.12.31
Through the Cracks,Umphrey's McGee,11,2012.03.10,2013.03.09
Thunder Kiss '65,White Zombie,2,2010.08.06,2015.02.13
Thunderstruck,AC/DC,17,2003.05.25,2019.09.01
Time,Pink Floyd,16,2009.03.12,2018.12.28
Tiny Cities Made of Ashes,Modest Mouse,2,2013.01.20,2014.10.31
TNT/Paranoid/Dirty Deeds Done Dirt Cheap,AC/DC/Black Sabbath/AC/DC,1,2008.10.31,2008.10.31
Tocatta and Fugue in D Minor,Bach,1,2003.10.31,2003.10.31
Tom Sawyer,Rush,8,2011.04.02,2020.01.24
Tomorrow Never Knows,The Beatles,24,2001.01.27,2019.03.01
Tonight I'm Gonna Rock You Tonight,Spinal Tap,19,1999.01.15,2018.03.23
Total Eclipse of the Heart,Bonnie Tyler,1,2018.07.07,2018.07.07
Track Meet,Vince Guaraldi,6,1999.09.17,2000.07.27
Transdermal Celebration,Ween,5,2015.05.22,2019.10.18
Treacherous Cretins,Frank Zappa,1,2016.03.26,2016.03.26
Trenchtown Rock,Bob Marley,57,2000.05.06,2020.06.10
Triangle Tear,Umphrey's McGee,19,2018.05.25,2020.01.29
Tribulations,LCD Soundsystem,2,2019.12.28,2020.01.19
Tribute to the Spinal Shaft,Umphrey's McGee,273,2001.03.01,2020.03.06
Turn & Dub,Umphrey's McGee,50,2009.12.31,2019.05.30
Turn & Run,Umphrey's McGee,64,2009.01.22,2019.08.15
Turn In Difference,Keller Williams,2,2005.12.31,2009.09.17
Twilight Zone,Golden Earring,3,2013.12.31,2014.03.20
Two Dips,"Brendan Bayliss, Wade Wilby, and Clayton Halsey",1,2012.04.28,2015.12.12
Two of Us,The Beatles,1,2002.05.16,2002.05.16
Two Tickets to Paradise,Eddie Money,4,2012.12.18,2019.09.20
Unchained,Van Halen,1,2019.12.27,2019.12.27
Uncle Wally,Umphrey's McGee,218,2001.02.08,2020.03.06
Uncommon,Umphrey's McGee,171,2002.08.21,2020.01.29
Unskinny Bop,Poison,2,2003.04.28,2014.05.04
Unsung Hero,Umphrey's McGee,6,2019.05.25,2020.01.17
Until We Meet Again,Umphrey's McGee,3,2016.05.06,2017.07.09
Up on Cripple Creek,The Band,24,1998.02.20,2012.04.19
Uptight (Everything's Alright),Stevie Wonder,1,2003.12.31,2003.12.31
Upward,Umphrey's McGee,57,2014.05.26,2020.03.05
Utopian Fir,Umphrey's McGee,310,2001.08.16,2020.10.09
Vibe,Umphrey's McGee,14,1998.02.07,1998.06.06
Virtual Insanity,Jamiroquai,2,2018.12.30,2019.03.02
Visions,Umphrey's McGee,98,2002.09.17,2019.12.30
Voices Inside My Head,The Police,9,2008.07.31,2018.05.19
Voodoo Child,Jimi Hendrix,4,2012.03.07,2020.02.15
Voodoo Lady,Ween,3,2015.05.22,2016.06.03
Voulez-Vous,ABBA,2,1998.02.11,1998.02.20
Voyager,Daft Punk,5,2012.01.21,2012.09.01
Wabash,John Scofield,18,1999.10.16,2018.01.28
Waist Down,Umphrey's McGee,11,2008.05.24,2009.09.10
Waiting Room,Fugazi,81,2001.12.01,2019.02.01
Walk,Pantera,1,2018.06.30,2018.06.30
Walk the Proud Land,Bob Marley,23,1999.12.17,2016.04.23
Walk This Sweet Funk Emotion,Aerosmith/Run–D.M.C./James Gang,1,2014.10.31,2014.10.31
Walking On The Moon,The Police,64,2000.11.17,2019.01.11
Walletsworth,Umphrey's McGee,343,2002.02.08,2020.02.28
Wanna Be Startin' Somethin',Michael Jackson,7,1998.09.25,2013.01.20
Wappy Sprayberry,Umphrey's McGee,260,2002.09.17,2020.09.06
War,Bob Marley,1,2003.07.18,2003.07.18
War Pigs,Black Sabbath,17,2001.12.01,2017.02.17
Watch the River Flow,Bob Dylan,1,2014.07.27,2014.07.27
Water,Umphrey's McGee,187,2000.12.01,2020.03.06
We're Going to War,Mark Knopfler,56,2003.04.07,2017.12.30
Weapons of Mass Destruction,Garaj Mahal,1,2003.01.30,2003.01.30
Web Tangle,Umphrey's McGee,2,2013.04.27,2013.08.18
Weed Rap,Umphrey's McGee,9,2001.10.26,2003.05.16
Weekapaug Groove,Phish,6,1998.01.21,1998.06.06
Weird Fishes/Arpeggi,Radiohead,11,2012.08.07,2018.02.01
"Well, You Needn't",Thelonious Monk,11,2000.12.15,2003.02.04
Wellwishers,Umphrey's McGee,48,2010.10.02,2019.08.24
Werewolves of London,Warren Zevon,6,1998.02.20,1998.10.31
What Is and What Should Never Be,Led Zeppelin,1,2019.06.23,2019.06.23
What We Could Get,Umphrey's McGee,5,2018.05.31,2019.02.21
What You Need,INXS,2,2018.12.31,2019.02.15
What's Going On,Marvin Gaye,1,2006.10.02,2006.10.02
When Doves Cry,Prince,3,2015.04.24,2016.04.21
When the Levee Breaks,Led Zeppelin,2,2012.07.07,2018.08.24
When the World Is Running Down You Make the Best of What's Still Around,The Police,45,2001.11.17,2019.04.05
Where Is My Mind?,Pixies,9,2014.11.08,2019.08.31
Whistle Kids,Umphrey's McGee,27,2018.01.12,2020.10.09
White Man's Moccasins,Umphrey's McGee,272,2001.04.26,2020.02.12
White Pickle,Umphrey's McGee,17,2012.04.27,2014.04.08
White Room,Cream,1,2014.10.25,2014.10.25
White Wedding,Billy Idol,1,2003.10.31,2003.10.31
Whitehouse Road,Tyler Childers,3,2019.03.30,2019.08.25
Who Knows,Jimi Hendrix,19,2003.05.22,2019.05.30
Whole Lotta Love,Led Zeppelin,4,2003.06.20,2019.06.23
Wife Soup,Umphrey's McGee,279,2003.06.18,2020.10.10
Wild Side,Mötley Crüe,3,2005.10.28,2005.11.19
Willie the Pimp,Frank Zappa,32,2001.10.11,2015.03.19
Winston Built the Bridge,Bump,5,2003.09.23,2003.10.10
Wish,Nine Inch Nails,2,2012.12.29,2016.10.22
Wish You Were Here,Pink Floyd,2,2006.10.02,2013.12.07
With a Little Help from My Friends,Joe Cocker (Lennon/McCartney),2,2008.12.31,2019.06.22
Wizard Burial Ground,Umphrey's McGee,129,2007.06.14,2020.01.17
Women Wine and Song,Umphrey's McGee,148,2004.12.07,2020.02.12
Words,Umphrey's McGee,108,2006.05.06,2020.01.31
Workin' for a Livin',Huey Lewis and the News,1,2011.05.29,2011.05.29
Xmas at Wartime,Umphrey's McGee,9,2018.05.27,2020.02.13
Xxplosive,Dr. Dre,12,2001.10.26,2005.09.15
Yoga Pants,Umphrey's McGee,16,2014.06.05,2019.11.02
You & You Alone,Umphrey's McGee,16,2018.01.14,2019.08.18
You Can't Always Get What You Want,The Rolling Stones,1,2011.11.26,2011.11.26
You Can't Blame the Youth,Peter Tosh,32,1999.03.26,2009.10.08
You Got the Love,Rufus,1,2007.12.14,2007.12.14
You Got the Wrong Guy,Umphrey's McGee,34,2013.08.25,2020.02.28
You Gotta Move,The Rolling Stones,2,2003.04.20,2004.09.14
You Know What I Mean,Jeff Beck,2,2010.01.15,2010.02.13
You Never Give Me Your Money,The Beatles,1,2001.11.30,2002.12.31
You'll Need Somebody on Your Bond,Blind Willie Johnson,1,2006.12.31,2006.12.31
Young Lust,Pink Floyd,39,2000.07.22,2019.01.25
YYZ,Rush,73,2001.08.28,2018.12.29
Zeroes & Ones,Umphrey's McGee,1,2011.04.02,2011.04.02
2nd Self,Umphrey's McGee,380,2000.04.22,2020.03.07
2x2,Umphrey's McGee,490,1998.08.22,2020.10.09
5:15,The Who,1,2007.12.31,2007.12.31
9:30,Umphrey's McGee,1,2012.04.27,2012.04.27
10th Grade,Umphrey's McGee,28,1998.01.21,2004.09.04
13 Days,Umphrey's McGee,154,2002.08.29,2020.02.26
25 or 6 to 4,Chicago,1,2011.12.31,2011.12.31
40's Theme,Ali Baba's Tahini,461,2000.10.28,2020.10.10
50 Ways to Leave Your Lover,Paul Simon,58,2000.09.28,2019.03.23
316,Van Halen,4,2012.01.10,2015.08.21
1000 Places to See Before You Die,Umphrey's McGee,7,2007.03.24,2019.02.23
1348,Umphrey's McGee,239,2009.01.23,2020.09.05
1901 Jump,Phoenix/Van Halen/Cee Lo,2,2010.10.31,2010.11.06
1999,Prince,4,2017.10.28,2019.10.17
